#COLUMN_TYPES=varchar(20)|varchar(128)|varchar(128)|varchar(128)|varchar(128)|float(32)
FIPS,Factor_Type,Pollutant,RSM_Sector,Impact_Pollutant,Impact_per_Ton
06025,nox_egu,NOX,egu,PM2_5,
06037,nox_egu,NOX,egu,PM2_5,2.05E-05
06059,nox_egu,NOX,egu,PM2_5,1.23E-05
06065,nox_egu,NOX,egu,PM2_5,7.19E-05
06071,nox_egu,NOX,egu,PM2_5,5.69E-05
06073,nox_egu,NOX,egu,PM2_5,0.000244556
06111,nox_egu,NOX,egu,PM2_5,7.75E-06
17119,nox_egu,NOX,egu,PM2_5,5.36E-07
17163,nox_egu,NOX,egu,PM2_5,5.31E-07
18019,nox_egu,NOX,egu,PM2_5,
18037,nox_egu,NOX,egu,PM2_5,3.77E-08
18097,nox_egu,NOX,egu,PM2_5,1.54E-06
18163,nox_egu,NOX,egu,PM2_5,9.19E-08
21111,nox_egu,NOX,egu,PM2_5,
29510,nox_egu,NOX,egu,PM2_5,5.37E-07
39017,nox_egu,NOX,egu,PM2_5,1.29E-07
39035,nox_egu,NOX,egu,PM2_5,3.97E-07
39049,nox_egu,NOX,egu,PM2_5,1.85E-05
39061,nox_egu,NOX,egu,PM2_5,1.24E-08
39081,nox_egu,NOX,egu,PM2_5,5.73E-10
39145,nox_egu,NOX,egu,PM2_5,
39151,nox_egu,NOX,egu,PM2_5,
39153,nox_egu,NOX,egu,PM2_5,6.01E-07
54011,nox_egu,NOX,egu,PM2_5,
54029,nox_egu,NOX,egu,PM2_5,9.17E-09
54039,nox_egu,NOX,egu,PM2_5,
10003,nox_egu,NOX,egu,PM2_5,4.79E-07
24510,nox_egu,NOX,egu,PM2_5,
26163,nox_egu,NOX,egu,PM2_5,2.73E-06
42003,nox_egu,NOX,egu,PM2_5,2.01E-06
01073,nox_egu,NOX,egu,PM2_5,8.65E-07
01113,nox_egu,NOX,egu,PM2_5,
13021,nox_egu,NOX,egu,PM2_5,3.42E-07
13115,nox_egu,NOX,egu,PM2_5,3.13E-06
13215,nox_egu,NOX,egu,PM2_5,
13245,nox_egu,NOX,egu,PM2_5,3.48E-06
13319,nox_egu,NOX,egu,PM2_5,
28067,nox_egu,NOX,egu,PM2_5,0.00224396
47065,nox_egu,NOX,egu,PM2_5,
47093,nox_egu,NOX,egu,PM2_5,1.65E-06
47157,nox_egu,NOX,egu,PM2_5,8.19E-06
06019,nox_egu,NOX,egu,PM2_5,
06029,nox_egu,NOX,egu,PM2_5,2.45E-05
06031,nox_egu,NOX,egu,PM2_5,
06047,nox_egu,NOX,egu,PM2_5,3.40E-06
06077,nox_egu,NOX,egu,PM2_5,1.68E-05
06099,nox_egu,NOX,egu,PM2_5,8.12E-06
06107,nox_egu,NOX,egu,PM2_5,4.84E-06
13063,nox_egu,NOX,egu,PM2_5,2.19E-07
13067,nox_egu,NOX,egu,PM2_5,
13089,nox_egu,NOX,egu,PM2_5,
13121,nox_egu,NOX,egu,PM2_5,
17031,nox_egu,NOX,egu,PM2_5,
17197,nox_egu,NOX,egu,PM2_5,2.76E-07
18089,nox_egu,NOX,egu,PM2_5,
30053,nox_egu,NOX,egu,PM2_5,
36061,nox_egu,NOX,egu,PM2_5,
42101,nox_egu,NOX,egu,PM2_5,
47037,nox_egu,NOX,egu,PM2_5,
06025,nox_negu_area,NOX,negu_area,PM2_5,1.48E-05
06037,nox_negu_area,NOX,negu_area,PM2_5,4.30E-06
06059,nox_negu_area,NOX,negu_area,PM2_5,3.56E-06
06065,nox_negu_area,NOX,negu_area,PM2_5,7.65E-06
06071,nox_negu_area,NOX,negu_area,PM2_5,6.18E-06
06073,nox_negu_area,NOX,negu_area,PM2_5,2.92E-05
06111,nox_negu_area,NOX,negu_area,PM2_5,4.19E-06
17119,nox_negu_area,NOX,negu_area,PM2_5,1.49E-06
17163,nox_negu_area,NOX,negu_area,PM2_5,1.49E-06
18019,nox_negu_area,NOX,negu_area,PM2_5,4.87E-07
18037,nox_negu_area,NOX,negu_area,PM2_5,1.18E-05
18097,nox_negu_area,NOX,negu_area,PM2_5,2.51E-06
18163,nox_negu_area,NOX,negu_area,PM2_5,1.51E-06
21111,nox_negu_area,NOX,negu_area,PM2_5,4.35E-07
29510,nox_negu_area,NOX,negu_area,PM2_5,1.46E-06
39017,nox_negu_area,NOX,negu_area,PM2_5,7.70E-07
39035,nox_negu_area,NOX,negu_area,PM2_5,2.19E-06
39049,nox_negu_area,NOX,negu_area,PM2_5,2.15E-06
39061,nox_negu_area,NOX,negu_area,PM2_5,4.44E-07
39081,nox_negu_area,NOX,negu_area,PM2_5,5.81E-06
39145,nox_negu_area,NOX,negu_area,PM2_5,1.23E-05
39151,nox_negu_area,NOX,negu_area,PM2_5,5.99E-06
39153,nox_negu_area,NOX,negu_area,PM2_5,2.65E-06
54011,nox_negu_area,NOX,negu_area,PM2_5,8.62E-07
54029,nox_negu_area,NOX,negu_area,PM2_5,5.65E-06
54039,nox_negu_area,NOX,negu_area,PM2_5,1.97E-06
10003,nox_negu_area,NOX,negu_area,PM2_5,1.02E-07
24510,nox_negu_area,NOX,negu_area,PM2_5,9.59E-07
26163,nox_negu_area,NOX,negu_area,PM2_5,1.67E-06
42003,nox_negu_area,NOX,negu_area,PM2_5,2.26E-06
01073,nox_negu_area,NOX,negu_area,PM2_5,6.15E-07
01113,nox_negu_area,NOX,negu_area,PM2_5,3.21E-06
13021,nox_negu_area,NOX,negu_area,PM2_5,1.54E-06
13115,nox_negu_area,NOX,negu_area,PM2_5,2.95E-06
13215,nox_negu_area,NOX,negu_area,PM2_5,2.78E-06
13245,nox_negu_area,NOX,negu_area,PM2_5,6.42E-07
13319,nox_negu_area,NOX,negu_area,PM2_5,1.55E-05
28067,nox_negu_area,NOX,negu_area,PM2_5,5.85E-07
47065,nox_negu_area,NOX,negu_area,PM2_5,1.06E-06
47093,nox_negu_area,NOX,negu_area,PM2_5,6.17E-07
47157,nox_negu_area,NOX,negu_area,PM2_5,4.86E-07
06019,nox_negu_area,NOX,negu_area,PM2_5,1.44E-05
06029,nox_negu_area,NOX,negu_area,PM2_5,1.58E-05
06031,nox_negu_area,NOX,negu_area,PM2_5,1.64E-05
06047,nox_negu_area,NOX,negu_area,PM2_5,7.66E-06
06077,nox_negu_area,NOX,negu_area,PM2_5,2.90E-06
06099,nox_negu_area,NOX,negu_area,PM2_5,6.00E-06
06107,nox_negu_area,NOX,negu_area,PM2_5,2.00E-05
13063,nox_negu_area,NOX,negu_area,PM2_5,
13067,nox_negu_area,NOX,negu_area,PM2_5,
13089,nox_negu_area,NOX,negu_area,PM2_5,
13121,nox_negu_area,NOX,negu_area,PM2_5,
17031,nox_negu_area,NOX,negu_area,PM2_5,
17197,nox_negu_area,NOX,negu_area,PM2_5,2.90E-07
18089,nox_negu_area,NOX,negu_area,PM2_5,5.26E-07
30053,nox_negu_area,NOX,negu_area,PM2_5,0.000977814
36061,nox_negu_area,NOX,negu_area,PM2_5,
42101,nox_negu_area,NOX,negu_area,PM2_5,
47037,nox_negu_area,NOX,negu_area,PM2_5,
06025,nox_mobile,NOX,mobile,PM2_5,4.91E-06
06037,nox_mobile,NOX,mobile,PM2_5,2.07E-06
06059,nox_mobile,NOX,mobile,PM2_5,7.67E-07
06065,nox_mobile,NOX,mobile,PM2_5,2.94E-06
06071,nox_mobile,NOX,mobile,PM2_5,2.42E-06
06073,nox_mobile,NOX,mobile,PM2_5,8.60E-06
06111,nox_mobile,NOX,mobile,PM2_5,2.89E-06
17119,nox_mobile,NOX,mobile,PM2_5,
17163,nox_mobile,NOX,mobile,PM2_5,
18019,nox_mobile,NOX,mobile,PM2_5,
18037,nox_mobile,NOX,mobile,PM2_5,
18097,nox_mobile,NOX,mobile,PM2_5,
18163,nox_mobile,NOX,mobile,PM2_5,
21111,nox_mobile,NOX,mobile,PM2_5,
29510,nox_mobile,NOX,mobile,PM2_5,
39017,nox_mobile,NOX,mobile,PM2_5,
39035,nox_mobile,NOX,mobile,PM2_5,
39049,nox_mobile,NOX,mobile,PM2_5,
39061,nox_mobile,NOX,mobile,PM2_5,
39081,nox_mobile,NOX,mobile,PM2_5,
39145,nox_mobile,NOX,mobile,PM2_5,
39151,nox_mobile,NOX,mobile,PM2_5,
39153,nox_mobile,NOX,mobile,PM2_5,
54011,nox_mobile,NOX,mobile,PM2_5,
54029,nox_mobile,NOX,mobile,PM2_5,
54039,nox_mobile,NOX,mobile,PM2_5,
10003,nox_mobile,NOX,mobile,PM2_5,
24510,nox_mobile,NOX,mobile,PM2_5,
26163,nox_mobile,NOX,mobile,PM2_5,
42003,nox_mobile,NOX,mobile,PM2_5,
01073,nox_mobile,NOX,mobile,PM2_5,
01113,nox_mobile,NOX,mobile,PM2_5,
13021,nox_mobile,NOX,mobile,PM2_5,
13115,nox_mobile,NOX,mobile,PM2_5,
13215,nox_mobile,NOX,mobile,PM2_5,
13245,nox_mobile,NOX,mobile,PM2_5,
13319,nox_mobile,NOX,mobile,PM2_5,
28067,nox_mobile,NOX,mobile,PM2_5,
47065,nox_mobile,NOX,mobile,PM2_5,
47093,nox_mobile,NOX,mobile,PM2_5,
47157,nox_mobile,NOX,mobile,PM2_5,
06019,nox_mobile,NOX,mobile,PM2_5,2.37E-05
06029,nox_mobile,NOX,mobile,PM2_5,2.73E-05
06031,nox_mobile,NOX,mobile,PM2_5,2.69E-05
06047,nox_mobile,NOX,mobile,PM2_5,1.08E-05
06077,nox_mobile,NOX,mobile,PM2_5,3.69E-06
06099,nox_mobile,NOX,mobile,PM2_5,9.75E-06
06107,nox_mobile,NOX,mobile,PM2_5,2.99E-05
13063,nox_mobile,NOX,mobile,PM2_5,
13067,nox_mobile,NOX,mobile,PM2_5,
13089,nox_mobile,NOX,mobile,PM2_5,
13121,nox_mobile,NOX,mobile,PM2_5,
17031,nox_mobile,NOX,mobile,PM2_5,
17197,nox_mobile,NOX,mobile,PM2_5,
18089,nox_mobile,NOX,mobile,PM2_5,
30053,nox_mobile,NOX,mobile,PM2_5,0.000224213
36061,nox_mobile,NOX,mobile,PM2_5,
42101,nox_mobile,NOX,mobile,PM2_5,
47037,nox_mobile,NOX,mobile,PM2_5,
06025,sox_egu,SO2,egu,PM2_5,
06037,sox_egu,SO2,egu,PM2_5,9.26E-06
06059,sox_egu,SO2,egu,PM2_5,0.00010022
06065,sox_egu,SO2,egu,PM2_5,0.000384733
06071,sox_egu,SO2,egu,PM2_5,0.000336138
06073,sox_egu,SO2,egu,PM2_5,
06111,sox_egu,SO2,egu,PM2_5,7.81E-05
17119,sox_egu,SO2,egu,PM2_5,1.51E-06
17163,sox_egu,SO2,egu,PM2_5,1.56E-06
18019,sox_egu,SO2,egu,PM2_5,5.09E-06
18037,sox_egu,SO2,egu,PM2_5,9.57E-06
18097,sox_egu,SO2,egu,PM2_5,8.35E-06
18163,sox_egu,SO2,egu,PM2_5,4.54E-06
21111,sox_egu,SO2,egu,PM2_5,4.72E-06
29510,sox_egu,SO2,egu,PM2_5,1.55E-06
39017,sox_egu,SO2,egu,PM2_5,4.20E-06
39035,sox_egu,SO2,egu,PM2_5,7.73E-06
39049,sox_egu,SO2,egu,PM2_5,0.000572068
39061,sox_egu,SO2,egu,PM2_5,4.93E-06
39081,sox_egu,SO2,egu,PM2_5,8.40E-06
39145,sox_egu,SO2,egu,PM2_5,
39151,sox_egu,SO2,egu,PM2_5,
39153,sox_egu,SO2,egu,PM2_5,7.34E-06
54011,sox_egu,SO2,egu,PM2_5,
54029,sox_egu,SO2,egu,PM2_5,8.01E-06
54039,sox_egu,SO2,egu,PM2_5,9.14E-06
10003,sox_egu,SO2,egu,PM2_5,4.53E-06
24510,sox_egu,SO2,egu,PM2_5,2.42E-05
26163,sox_egu,SO2,egu,PM2_5,1.77E-06
42003,sox_egu,SO2,egu,PM2_5,6.34E-06
01073,sox_egu,SO2,egu,PM2_5,3.01E-06
01113,sox_egu,SO2,egu,PM2_5,
13021,sox_egu,SO2,egu,PM2_5,2.92E-06
13115,sox_egu,SO2,egu,PM2_5,2.62E-05
13215,sox_egu,SO2,egu,PM2_5,
13245,sox_egu,SO2,egu,PM2_5,5.98E-05
13319,sox_egu,SO2,egu,PM2_5,
28067,sox_egu,SO2,egu,PM2_5,
47065,sox_egu,SO2,egu,PM2_5,
47093,sox_egu,SO2,egu,PM2_5,3.51E-05
47157,sox_egu,SO2,egu,PM2_5,1.20E-05
06019,sox_egu,SO2,egu,PM2_5,0.000251254
06029,sox_egu,SO2,egu,PM2_5,0.000143091
06031,sox_egu,SO2,egu,PM2_5,6.05E-05
06047,sox_egu,SO2,egu,PM2_5,0.000119419
06077,sox_egu,SO2,egu,PM2_5,7.51E-05
06099,sox_egu,SO2,egu,PM2_5,9.29E-05
06107,sox_egu,SO2,egu,PM2_5,0.000206039
13063,sox_egu,SO2,egu,PM2_5,3.98E-06
13067,sox_egu,SO2,egu,PM2_5,5.28E-06
13089,sox_egu,SO2,egu,PM2_5,4.06E-06
13121,sox_egu,SO2,egu,PM2_5,3.80E-06
17031,sox_egu,SO2,egu,PM2_5,1.83E-06
17197,sox_egu,SO2,egu,PM2_5,2.89E-06
18089,sox_egu,SO2,egu,PM2_5,1.54E-06
30053,sox_egu,SO2,egu,PM2_5,
36061,sox_egu,SO2,egu,PM2_5,3.22E-06
42101,sox_egu,SO2,egu,PM2_5,3.37E-06
47037,sox_egu,SO2,egu,PM2_5,
06025,sox_negu_pt,SO2,negu_pt,PM2_5,0.001048302
06037,sox_negu_pt,SO2,negu_pt,PM2_5,1.12E-05
06059,sox_negu_pt,SO2,negu_pt,PM2_5,1.77E-05
06065,sox_negu_pt,SO2,negu_pt,PM2_5,3.14E-05
06071,sox_negu_pt,SO2,negu_pt,PM2_5,3.41E-05
06073,sox_negu_pt,SO2,negu_pt,PM2_5,0.003592214
06111,sox_negu_pt,SO2,negu_pt,PM2_5,1.86E-05
17119,sox_negu_pt,SO2,negu_pt,PM2_5,2.32E-06
17163,sox_negu_pt,SO2,negu_pt,PM2_5,2.41E-06
18019,sox_negu_pt,SO2,negu_pt,PM2_5,2.43E-05
18037,sox_negu_pt,SO2,negu_pt,PM2_5,0.000754786
18097,sox_negu_pt,SO2,negu_pt,PM2_5,2.47E-05
18163,sox_negu_pt,SO2,negu_pt,PM2_5,3.05E-06
21111,sox_negu_pt,SO2,negu_pt,PM2_5,2.26E-05
29510,sox_negu_pt,SO2,negu_pt,PM2_5,2.42E-06
39017,sox_negu_pt,SO2,negu_pt,PM2_5,1.17E-05
39035,sox_negu_pt,SO2,negu_pt,PM2_5,2.87E-05
39049,sox_negu_pt,SO2,negu_pt,PM2_5,0.000130938
39061,sox_negu_pt,SO2,negu_pt,PM2_5,1.21E-05
39081,sox_negu_pt,SO2,negu_pt,PM2_5,3.62E-05
39145,sox_negu_pt,SO2,negu_pt,PM2_5,9.65E-05
39151,sox_negu_pt,SO2,negu_pt,PM2_5,0.000108078
39153,sox_negu_pt,SO2,negu_pt,PM2_5,2.66E-05
54011,sox_negu_pt,SO2,negu_pt,PM2_5,1.22E-05
54029,sox_negu_pt,SO2,negu_pt,PM2_5,3.50E-05
54039,sox_negu_pt,SO2,negu_pt,PM2_5,2.65E-05
10003,sox_negu_pt,SO2,negu_pt,PM2_5,1.93E-06
24510,sox_negu_pt,SO2,negu_pt,PM2_5,1.52E-05
26163,sox_negu_pt,SO2,negu_pt,PM2_5,1.48E-05
42003,sox_negu_pt,SO2,negu_pt,PM2_5,7.61E-06
01073,sox_negu_pt,SO2,negu_pt,PM2_5,1.40E-05
01113,sox_negu_pt,SO2,negu_pt,PM2_5,6.27E-05
13021,sox_negu_pt,SO2,negu_pt,PM2_5,2.16E-05
13115,sox_negu_pt,SO2,negu_pt,PM2_5,2.47E-05
13215,sox_negu_pt,SO2,negu_pt,PM2_5,6.73E-05
13245,sox_negu_pt,SO2,negu_pt,PM2_5,1.15E-05
13319,sox_negu_pt,SO2,negu_pt,PM2_5,0.001457889
28067,sox_negu_pt,SO2,negu_pt,PM2_5,0.001101167
47065,sox_negu_pt,SO2,negu_pt,PM2_5,3.78E-05
47093,sox_negu_pt,SO2,negu_pt,PM2_5,1.72E-05
47157,sox_negu_pt,SO2,negu_pt,PM2_5,2.48E-05
06019,sox_negu_pt,SO2,negu_pt,PM2_5,2.46E-05
06029,sox_negu_pt,SO2,negu_pt,PM2_5,1.04E-05
06031,sox_negu_pt,SO2,negu_pt,PM2_5,4.32E-06
06047,sox_negu_pt,SO2,negu_pt,PM2_5,1.53E-05
06077,sox_negu_pt,SO2,negu_pt,PM2_5,1.91E-05
06099,sox_negu_pt,SO2,negu_pt,PM2_5,1.27E-05
06107,sox_negu_pt,SO2,negu_pt,PM2_5,1.39E-05
13063,sox_negu_pt,SO2,negu_pt,PM2_5,8.83E-06
13067,sox_negu_pt,SO2,negu_pt,PM2_5,9.21E-06
13089,sox_negu_pt,SO2,negu_pt,PM2_5,6.79E-06
13121,sox_negu_pt,SO2,negu_pt,PM2_5,1.19E-05
17031,sox_negu_pt,SO2,negu_pt,PM2_5,1.63E-06
17197,sox_negu_pt,SO2,negu_pt,PM2_5,2.45E-06
18089,sox_negu_pt,SO2,negu_pt,PM2_5,1.56E-06
30053,sox_negu_pt,SO2,negu_pt,PM2_5,0.019888515
36061,sox_negu_pt,SO2,negu_pt,PM2_5,9.88E-07
42101,sox_negu_pt,SO2,negu_pt,PM2_5,2.37E-06
47037,sox_negu_pt,SO2,negu_pt,PM2_5,
06025,sox_area,SO2,area,PM2_5,0.00198722
06037,sox_area,SO2,area,PM2_5,0.000161722
06059,sox_area,SO2,area,PM2_5,6.23E-05
06065,sox_area,SO2,area,PM2_5,0.00045074
06071,sox_area,SO2,area,PM2_5,0.000372228
06073,sox_area,SO2,area,PM2_5,0.000303557
06111,sox_area,SO2,area,PM2_5,0.000100458
17119,sox_area,SO2,area,PM2_5,5.40E-06
17163,sox_area,SO2,area,PM2_5,5.74E-06
18019,sox_area,SO2,area,PM2_5,4.82E-06
18037,sox_area,SO2,area,PM2_5,0.00014716
18097,sox_area,SO2,area,PM2_5,4.08E-05
18163,sox_area,SO2,area,PM2_5,3.86E-05
21111,sox_area,SO2,area,PM2_5,4.40E-06
29510,sox_area,SO2,area,PM2_5,5.85E-06
39017,sox_area,SO2,area,PM2_5,3.86E-06
39035,sox_area,SO2,area,PM2_5,6.85E-06
39049,sox_area,SO2,area,PM2_5,9.86E-06
39061,sox_area,SO2,area,PM2_5,4.56E-06
39081,sox_area,SO2,area,PM2_5,2.64E-05
39145,sox_area,SO2,area,PM2_5,0.000171038
39151,sox_area,SO2,area,PM2_5,3.53E-05
39153,sox_area,SO2,area,PM2_5,6.29E-06
54011,sox_area,SO2,area,PM2_5,1.41E-05
54029,sox_area,SO2,area,PM2_5,2.56E-05
54039,sox_area,SO2,area,PM2_5,1.62E-05
10003,sox_area,SO2,area,PM2_5,4.90E-07
24510,sox_area,SO2,area,PM2_5,3.23E-06
26163,sox_area,SO2,area,PM2_5,4.66E-06
42003,sox_area,SO2,area,PM2_5,3.85E-06
01073,sox_area,SO2,area,PM2_5,2.08E-05
01113,sox_area,SO2,area,PM2_5,9.27E-05
13021,sox_area,SO2,area,PM2_5,0.000211202
13115,sox_area,SO2,area,PM2_5,0.000318977
13215,sox_area,SO2,area,PM2_5,0.000102963
13245,sox_area,SO2,area,PM2_5,4.08E-05
13319,sox_area,SO2,area,PM2_5,0.012825829
28067,sox_area,SO2,area,PM2_5,0.005398209
47065,sox_area,SO2,area,PM2_5,4.88E-05
47093,sox_area,SO2,area,PM2_5,1.55E-05
47157,sox_area,SO2,area,PM2_5,1.43E-05
06019,sox_area,SO2,area,PM2_5,5.55E-05
06029,sox_area,SO2,area,PM2_5,5.07E-05
06031,sox_area,SO2,area,PM2_5,2.55E-05
06047,sox_area,SO2,area,PM2_5,4.42E-05
06077,sox_area,SO2,area,PM2_5,4.89E-05
06099,sox_area,SO2,area,PM2_5,5.08E-05
06107,sox_area,SO2,area,PM2_5,6.14E-05
13063,sox_area,SO2,area,PM2_5,1.36E-05
13067,sox_area,SO2,area,PM2_5,1.69E-05
13089,sox_area,SO2,area,PM2_5,
13121,sox_area,SO2,area,PM2_5,2.04E-05
17031,sox_area,SO2,area,PM2_5,6.28E-06
17197,sox_area,SO2,area,PM2_5,1.26E-06
18089,sox_area,SO2,area,PM2_5,5.50E-06
30053,sox_area,SO2,area,PM2_5,
36061,sox_area,SO2,area,PM2_5,1.25E-06
42101,sox_area,SO2,area,PM2_5,4.45E-07
47037,sox_area,SO2,area,PM2_5,
06025,voc_all,VOC,all,PM2_5,4.37E-06
06037,voc_all,VOC,all,PM2_5,
06059,voc_all,VOC,all,PM2_5,5.53E-07
06065,voc_all,VOC,all,PM2_5,2.27E-06
06071,voc_all,VOC,all,PM2_5,2.21E-06
06073,voc_all,VOC,all,PM2_5,1.52E-06
06111,voc_all,VOC,all,PM2_5,3.75E-07
17119,voc_all,VOC,all,PM2_5,
17163,voc_all,VOC,all,PM2_5,
18019,voc_all,VOC,all,PM2_5,
18037,voc_all,VOC,all,PM2_5,
18097,voc_all,VOC,all,PM2_5,
18163,voc_all,VOC,all,PM2_5,
21111,voc_all,VOC,all,PM2_5,
29510,voc_all,VOC,all,PM2_5,
39017,voc_all,VOC,all,PM2_5,
39035,voc_all,VOC,all,PM2_5,
39049,voc_all,VOC,all,PM2_5,
39061,voc_all,VOC,all,PM2_5,
39081,voc_all,VOC,all,PM2_5,
39145,voc_all,VOC,all,PM2_5,
39151,voc_all,VOC,all,PM2_5,
39153,voc_all,VOC,all,PM2_5,
54011,voc_all,VOC,all,PM2_5,
54029,voc_all,VOC,all,PM2_5,
54039,voc_all,VOC,all,PM2_5,
10003,voc_all,VOC,all,PM2_5,
24510,voc_all,VOC,all,PM2_5,
26163,voc_all,VOC,all,PM2_5,
42003,voc_all,VOC,all,PM2_5,
01073,voc_all,VOC,all,PM2_5,
01113,voc_all,VOC,all,PM2_5,
13021,voc_all,VOC,all,PM2_5,
13115,voc_all,VOC,all,PM2_5,
13215,voc_all,VOC,all,PM2_5,
13245,voc_all,VOC,all,PM2_5,
13319,voc_all,VOC,all,PM2_5,
28067,voc_all,VOC,all,PM2_5,
47065,voc_all,VOC,all,PM2_5,
47093,voc_all,VOC,all,PM2_5,
47157,voc_all,VOC,all,PM2_5,
06019,voc_all,VOC,all,PM2_5,3.79E-06
06029,voc_all,VOC,all,PM2_5,2.77E-06
06031,voc_all,VOC,all,PM2_5,2.44E-06
06047,voc_all,VOC,all,PM2_5,1.55E-06
06077,voc_all,VOC,all,PM2_5,1.01E-06
06099,voc_all,VOC,all,PM2_5,1.36E-06
06107,voc_all,VOC,all,PM2_5,3.69E-06
13063,voc_all,VOC,all,PM2_5,1.22E-07
13067,voc_all,VOC,all,PM2_5,5.08E-08
13089,voc_all,VOC,all,PM2_5,
13121,voc_all,VOC,all,PM2_5,1.62E-07
17031,voc_all,VOC,all,PM2_5,6.87E-07
17197,voc_all,VOC,all,PM2_5,2.38E-07
18089,voc_all,VOC,all,PM2_5,2.46E-07
30053,voc_all,VOC,all,PM2_5,3.25E-05
36061,voc_all,VOC,all,PM2_5,
42101,voc_all,VOC,all,PM2_5,1.73E-07
47037,voc_all,VOC,all,PM2_5,
06025,nh3_area,NH3,area,PM2_5,8.86E-06
06037,nh3_area,NH3,area,PM2_5,
06059,nh3_area,NH3,area,PM2_5,
06065,nh3_area,NH3,area,PM2_5,5.09E-05
06071,nh3_area,NH3,area,PM2_5,3.67E-05
06073,nh3_area,NH3,area,PM2_5,0.000110326
06111,nh3_area,NH3,area,PM2_5,8.18E-06
17119,nh3_area,NH3,area,PM2_5,4.25E-06
17163,nh3_area,NH3,area,PM2_5,4.48E-06
18019,nh3_area,NH3,area,PM2_5,3.85E-06
18037,nh3_area,NH3,area,PM2_5,1.12E-05
18097,nh3_area,NH3,area,PM2_5,1.17E-05
18163,nh3_area,NH3,area,PM2_5,1.35E-05
21111,nh3_area,NH3,area,PM2_5,3.68E-06
29510,nh3_area,NH3,area,PM2_5,4.46E-06
39017,nh3_area,NH3,area,PM2_5,9.77E-06
39035,nh3_area,NH3,area,PM2_5,8.45E-06
39049,nh3_area,NH3,area,PM2_5,1.64E-05
39061,nh3_area,NH3,area,PM2_5,6.96E-06
39081,nh3_area,NH3,area,PM2_5,8.53E-05
39145,nh3_area,NH3,area,PM2_5,0.000220417
39151,nh3_area,NH3,area,PM2_5,3.40E-05
39153,nh3_area,NH3,area,PM2_5,9.25E-06
54011,nh3_area,NH3,area,PM2_5,7.25E-05
54029,nh3_area,NH3,area,PM2_5,8.44E-05
54039,nh3_area,NH3,area,PM2_5,0.000132876
10003,nh3_area,NH3,area,PM2_5,3.22E-06
24510,nh3_area,NH3,area,PM2_5,1.60E-05
26163,nh3_area,NH3,area,PM2_5,3.18E-05
42003,nh3_area,NH3,area,PM2_5,4.49E-05
01073,nh3_area,NH3,area,PM2_5,4.60E-07
01113,nh3_area,NH3,area,PM2_5,9.27E-07
13021,nh3_area,NH3,area,PM2_5,3.76E-06
13115,nh3_area,NH3,area,PM2_5,1.05E-05
13215,nh3_area,NH3,area,PM2_5,1.57E-06
13245,nh3_area,NH3,area,PM2_5,1.27E-06
13319,nh3_area,NH3,area,PM2_5,0.000344938
28067,nh3_area,NH3,area,PM2_5,1.01E-06
47065,nh3_area,NH3,area,PM2_5,1.02E-06
47093,nh3_area,NH3,area,PM2_5,
47157,nh3_area,NH3,area,PM2_5,4.70E-06
06019,nh3_area,NH3,area,PM2_5,2.34E-05
06029,nh3_area,NH3,area,PM2_5,2.14E-05
06031,nh3_area,NH3,area,PM2_5,1.42E-05
06047,nh3_area,NH3,area,PM2_5,7.37E-06
06077,nh3_area,NH3,area,PM2_5,4.92E-06
06099,nh3_area,NH3,area,PM2_5,7.38E-06
06107,nh3_area,NH3,area,PM2_5,2.46E-05
13063,nh3_area,NH3,area,PM2_5,
13067,nh3_area,NH3,area,PM2_5,
13089,nh3_area,NH3,area,PM2_5,3.83E-07
13121,nh3_area,NH3,area,PM2_5,
17031,nh3_area,NH3,area,PM2_5,8.83E-06
17197,nh3_area,NH3,area,PM2_5,
18089,nh3_area,NH3,area,PM2_5,1.50E-06
30053,nh3_area,NH3,area,PM2_5,
36061,nh3_area,NH3,area,PM2_5,4.55E-06
42101,nh3_area,NH3,area,PM2_5,2.87E-06
47037,nh3_area,NH3,area,PM2_5,
06025,nh3_mobile,NH3,mobile,PM2_5,6.41E-05
06037,nh3_mobile,NH3,mobile,PM2_5,2.44E-05
06059,nh3_mobile,NH3,mobile,PM2_5,2.99E-05
06065,nh3_mobile,NH3,mobile,PM2_5,4.07E-05
06071,nh3_mobile,NH3,mobile,PM2_5,2.87E-05
06073,nh3_mobile,NH3,mobile,PM2_5,4.84E-05
06111,nh3_mobile,NH3,mobile,PM2_5,3.88E-05
17119,nh3_mobile,NH3,mobile,PM2_5,2.95E-05
17163,nh3_mobile,NH3,mobile,PM2_5,2.95E-05
18019,nh3_mobile,NH3,mobile,PM2_5,3.69E-05
18037,nh3_mobile,NH3,mobile,PM2_5,7.79E-05
18097,nh3_mobile,NH3,mobile,PM2_5,5.22E-05
18163,nh3_mobile,NH3,mobile,PM2_5,3.43E-05
21111,nh3_mobile,NH3,mobile,PM2_5,3.53E-05
29510,nh3_mobile,NH3,mobile,PM2_5,2.91E-05
39017,nh3_mobile,NH3,mobile,PM2_5,2.25E-05
39035,nh3_mobile,NH3,mobile,PM2_5,4.18E-05
39049,nh3_mobile,NH3,mobile,PM2_5,6.93E-05
39061,nh3_mobile,NH3,mobile,PM2_5,2.83E-05
39081,nh3_mobile,NH3,mobile,PM2_5,0.000632758
39145,nh3_mobile,NH3,mobile,PM2_5,0.000599995
39151,nh3_mobile,NH3,mobile,PM2_5,0.000124299
39153,nh3_mobile,NH3,mobile,PM2_5,3.53E-05
54011,nh3_mobile,NH3,mobile,PM2_5,0.000142948
54029,nh3_mobile,NH3,mobile,PM2_5,0.000621112
54039,nh3_mobile,NH3,mobile,PM2_5,0.000149688
10003,nh3_mobile,NH3,mobile,PM2_5,4.16E-06
24510,nh3_mobile,NH3,mobile,PM2_5,2.97E-05
26163,nh3_mobile,NH3,mobile,PM2_5,2.70E-05
42003,nh3_mobile,NH3,mobile,PM2_5,7.29E-05
01073,nh3_mobile,NH3,mobile,PM2_5,1.72E-05
01113,nh3_mobile,NH3,mobile,PM2_5,
13021,nh3_mobile,NH3,mobile,PM2_5,5.47E-05
13115,nh3_mobile,NH3,mobile,PM2_5,0.000357123
13215,nh3_mobile,NH3,mobile,PM2_5,
13245,nh3_mobile,NH3,mobile,PM2_5,
13319,nh3_mobile,NH3,mobile,PM2_5,0.001517618
28067,nh3_mobile,NH3,mobile,PM2_5,
47065,nh3_mobile,NH3,mobile,PM2_5,2.18E-06
47093,nh3_mobile,NH3,mobile,PM2_5,1.69E-05
47157,nh3_mobile,NH3,mobile,PM2_5,7.99E-05
06019,nh3_mobile,NH3,mobile,PM2_5,0.000162234
06029,nh3_mobile,NH3,mobile,PM2_5,0.000158039
06031,nh3_mobile,NH3,mobile,PM2_5,
06047,nh3_mobile,NH3,mobile,PM2_5,1.40E-05
06077,nh3_mobile,NH3,mobile,PM2_5,7.47E-07
06099,nh3_mobile,NH3,mobile,PM2_5,
06107,nh3_mobile,NH3,mobile,PM2_5,5.04E-05
13063,nh3_mobile,NH3,mobile,PM2_5,1.84E-05
13067,nh3_mobile,NH3,mobile,PM2_5,1.72E-05
13089,nh3_mobile,NH3,mobile,PM2_5,1.33E-05
13121,nh3_mobile,NH3,mobile,PM2_5,1.89E-05
17031,nh3_mobile,NH3,mobile,PM2_5,1.52E-05
17197,nh3_mobile,NH3,mobile,PM2_5,5.33E-06
18089,nh3_mobile,NH3,mobile,PM2_5,7.57E-06
30053,nh3_mobile,NH3,mobile,PM2_5,0.000431851
36061,nh3_mobile,NH3,mobile,PM2_5,6.89E-06
42101,nh3_mobile,NH3,mobile,PM2_5,3.80E-06
47037,nh3_mobile,NH3,mobile,PM2_5,
06025,POC+PEC_egu_negu,PM2_5,egu_negu,PM2_5,0.001225041
06037,POC+PEC_egu_negu,PM2_5,egu_negu,PM2_5,0.000308572
06059,POC+PEC_egu_negu,PM2_5,egu_negu,PM2_5,7.54E-05
06065,POC+PEC_egu_negu,PM2_5,egu_negu,PM2_5,
06071,POC+PEC_egu_negu,PM2_5,egu_negu,PM2_5,
06073,POC+PEC_egu_negu,PM2_5,egu_negu,PM2_5,7.45E-05
06111,POC+PEC_egu_negu,PM2_5,egu_negu,PM2_5,
17119,POC+PEC_egu_negu,PM2_5,egu_negu,PM2_5,0.000356097
17163,POC+PEC_egu_negu,PM2_5,egu_negu,PM2_5,0.000308356
18019,POC+PEC_egu_negu,PM2_5,egu_negu,PM2_5,0.000499863
18037,POC+PEC_egu_negu,PM2_5,egu_negu,PM2_5,0.001029411
18097,POC+PEC_egu_negu,PM2_5,egu_negu,PM2_5,0.000247159
18163,POC+PEC_egu_negu,PM2_5,egu_negu,PM2_5,0.000381836
21111,POC+PEC_egu_negu,PM2_5,egu_negu,PM2_5,0.000604272
29510,POC+PEC_egu_negu,PM2_5,egu_negu,PM2_5,0.000232031
39017,POC+PEC_egu_negu,PM2_5,egu_negu,PM2_5,0.000721402
39035,POC+PEC_egu_negu,PM2_5,egu_negu,PM2_5,0.000548728
39049,POC+PEC_egu_negu,PM2_5,egu_negu,PM2_5,0.000371928
39061,POC+PEC_egu_negu,PM2_5,egu_negu,PM2_5,0.000534903
39081,POC+PEC_egu_negu,PM2_5,egu_negu,PM2_5,0.000629484
39145,POC+PEC_egu_negu,PM2_5,egu_negu,PM2_5,0.006571683
39151,POC+PEC_egu_negu,PM2_5,egu_negu,PM2_5,0.00288297
39153,POC+PEC_egu_negu,PM2_5,egu_negu,PM2_5,0.000360769
54011,POC+PEC_egu_negu,PM2_5,egu_negu,PM2_5,0.000974591
54029,POC+PEC_egu_negu,PM2_5,egu_negu,PM2_5,0.000592794
54039,POC+PEC_egu_negu,PM2_5,egu_negu,PM2_5,0.00187125
10003,POC+PEC_egu_negu,PM2_5,egu_negu,PM2_5,8.20E-05
24510,POC+PEC_egu_negu,PM2_5,egu_negu,PM2_5,0.000553899
26163,POC+PEC_egu_negu,PM2_5,egu_negu,PM2_5,0.000340292
42003,POC+PEC_egu_negu,PM2_5,egu_negu,PM2_5,0.000570318
01073,POC+PEC_egu_negu,PM2_5,egu_negu,PM2_5,0.000676329
01113,POC+PEC_egu_negu,PM2_5,egu_negu,PM2_5,0.002892968
13021,POC+PEC_egu_negu,PM2_5,egu_negu,PM2_5,0.001054007
13115,POC+PEC_egu_negu,PM2_5,egu_negu,PM2_5,0.001299247
13215,POC+PEC_egu_negu,PM2_5,egu_negu,PM2_5,0.002374475
13245,POC+PEC_egu_negu,PM2_5,egu_negu,PM2_5,0.000372091
13319,POC+PEC_egu_negu,PM2_5,egu_negu,PM2_5,0.001496733
28067,POC+PEC_egu_negu,PM2_5,egu_negu,PM2_5,0.001627828
47065,POC+PEC_egu_negu,PM2_5,egu_negu,PM2_5,0.004367345
47093,POC+PEC_egu_negu,PM2_5,egu_negu,PM2_5,0.002837147
47157,POC+PEC_egu_negu,PM2_5,egu_negu,PM2_5,0.000588941
06019,POC+PEC_egu_negu,PM2_5,egu_negu,PM2_5,0.000294214
06029,POC+PEC_egu_negu,PM2_5,egu_negu,PM2_5,0.000637028
06031,POC+PEC_egu_negu,PM2_5,egu_negu,PM2_5,0.000174456
06047,POC+PEC_egu_negu,PM2_5,egu_negu,PM2_5,0.000188605
06077,POC+PEC_egu_negu,PM2_5,egu_negu,PM2_5,0.00016701
06099,POC+PEC_egu_negu,PM2_5,egu_negu,PM2_5,0.00016354
06107,POC+PEC_egu_negu,PM2_5,egu_negu,PM2_5,0.00040667
13063,POC+PEC_egu_negu,PM2_5,egu_negu,PM2_5,0.000341886
13067,POC+PEC_egu_negu,PM2_5,egu_negu,PM2_5,0.000118635
13089,POC+PEC_egu_negu,PM2_5,egu_negu,PM2_5,0.000324404
13121,POC+PEC_egu_negu,PM2_5,egu_negu,PM2_5,0.000247036
17031,POC+PEC_egu_negu,PM2_5,egu_negu,PM2_5,8.26E-05
17197,POC+PEC_egu_negu,PM2_5,egu_negu,PM2_5,7.62E-05
18089,POC+PEC_egu_negu,PM2_5,egu_negu,PM2_5,8.77E-05
30053,POC+PEC_egu_negu,PM2_5,egu_negu,PM2_5,0.004959552
36061,POC+PEC_egu_negu,PM2_5,egu_negu,PM2_5,2.44E-05
42101,POC+PEC_egu_negu,PM2_5,egu_negu,PM2_5,0.000113503
47037,POC+PEC_egu_negu,PM2_5,egu_negu,PM2_5,
06025,POC+PEC_mobile,PM2_5,mobile,PM2_5,0.001157471
06037,POC+PEC_mobile,PM2_5,mobile,PM2_5,0.000132631
06059,POC+PEC_mobile,PM2_5,mobile,PM2_5,0.000126188
06065,POC+PEC_mobile,PM2_5,mobile,PM2_5,0.000118597
06071,POC+PEC_mobile,PM2_5,mobile,PM2_5,0.000108115
06073,POC+PEC_mobile,PM2_5,mobile,PM2_5,0.000530536
06111,POC+PEC_mobile,PM2_5,mobile,PM2_5,6.45E-05
17119,POC+PEC_mobile,PM2_5,mobile,PM2_5,0.000172184
17163,POC+PEC_mobile,PM2_5,mobile,PM2_5,0.000157966
18019,POC+PEC_mobile,PM2_5,mobile,PM2_5,0.000304369
18037,POC+PEC_mobile,PM2_5,mobile,PM2_5,0.002392991
18097,POC+PEC_mobile,PM2_5,mobile,PM2_5,0.000150595
18163,POC+PEC_mobile,PM2_5,mobile,PM2_5,0.00035332
21111,POC+PEC_mobile,PM2_5,mobile,PM2_5,0.000351756
29510,POC+PEC_mobile,PM2_5,mobile,PM2_5,0.000130712
39017,POC+PEC_mobile,PM2_5,mobile,PM2_5,0.000210914
39035,POC+PEC_mobile,PM2_5,mobile,PM2_5,0.00028938
39049,POC+PEC_mobile,PM2_5,mobile,PM2_5,0.000314173
39061,POC+PEC_mobile,PM2_5,mobile,PM2_5,0.000354191
39081,POC+PEC_mobile,PM2_5,mobile,PM2_5,0.001961878
39145,POC+PEC_mobile,PM2_5,mobile,PM2_5,0.004061148
39151,POC+PEC_mobile,PM2_5,mobile,PM2_5,0.001358447
39153,POC+PEC_mobile,PM2_5,mobile,PM2_5,0.000159941
54011,POC+PEC_mobile,PM2_5,mobile,PM2_5,0.000400395
54029,POC+PEC_mobile,PM2_5,mobile,PM2_5,0.001858269
54039,POC+PEC_mobile,PM2_5,mobile,PM2_5,0.00101782
10003,POC+PEC_mobile,PM2_5,mobile,PM2_5,3.68E-05
24510,POC+PEC_mobile,PM2_5,mobile,PM2_5,0.00025899
26163,POC+PEC_mobile,PM2_5,mobile,PM2_5,0.000281263
42003,POC+PEC_mobile,PM2_5,mobile,PM2_5,0.000254211
01073,POC+PEC_mobile,PM2_5,mobile,PM2_5,0.000653027
01113,POC+PEC_mobile,PM2_5,mobile,PM2_5,0.00167515
13021,POC+PEC_mobile,PM2_5,mobile,PM2_5,0.00149029
13115,POC+PEC_mobile,PM2_5,mobile,PM2_5,0.00381275
13215,POC+PEC_mobile,PM2_5,mobile,PM2_5,0.001525324
13245,POC+PEC_mobile,PM2_5,mobile,PM2_5,0.000780421
13319,POC+PEC_mobile,PM2_5,mobile,PM2_5,0.008933448
28067,POC+PEC_mobile,PM2_5,mobile,PM2_5,0.00259916
47065,POC+PEC_mobile,PM2_5,mobile,PM2_5,0.001157702
47093,POC+PEC_mobile,PM2_5,mobile,PM2_5,0.001102655
47157,POC+PEC_mobile,PM2_5,mobile,PM2_5,0.000593283
06019,POC+PEC_mobile,PM2_5,mobile,PM2_5,0.000384236
06029,POC+PEC_mobile,PM2_5,mobile,PM2_5,0.000399688
06031,POC+PEC_mobile,PM2_5,mobile,PM2_5,0.000286572
06047,POC+PEC_mobile,PM2_5,mobile,PM2_5,0.000105746
06077,POC+PEC_mobile,PM2_5,mobile,PM2_5,6.30E-05
06099,POC+PEC_mobile,PM2_5,mobile,PM2_5,0.000138219
06107,POC+PEC_mobile,PM2_5,mobile,PM2_5,0.000317683
13063,POC+PEC_mobile,PM2_5,mobile,PM2_5,0.000209762
13067,POC+PEC_mobile,PM2_5,mobile,PM2_5,0.000169966
13089,POC+PEC_mobile,PM2_5,mobile,PM2_5,0.000212999
13121,POC+PEC_mobile,PM2_5,mobile,PM2_5,0.000334142
17031,POC+PEC_mobile,PM2_5,mobile,PM2_5,7.45E-05
17197,POC+PEC_mobile,PM2_5,mobile,PM2_5,6.09E-05
18089,POC+PEC_mobile,PM2_5,mobile,PM2_5,4.98E-05
30053,POC+PEC_mobile,PM2_5,mobile,PM2_5,0.004781019
36061,POC+PEC_mobile,PM2_5,mobile,PM2_5,6.15E-05
42101,POC+PEC_mobile,PM2_5,mobile,PM2_5,4.75E-05
47037,POC+PEC_mobile,PM2_5,mobile,PM2_5,
06025,POC+PEC_area,PM2_5,area,PM2_5,0.006304408
06037,POC+PEC_area,PM2_5,area,PM2_5,0.0002247
06059,POC+PEC_area,PM2_5,area,PM2_5,0.000198222
06065,POC+PEC_area,PM2_5,area,PM2_5,0.000119385
06071,POC+PEC_area,PM2_5,area,PM2_5,8.37E-05
06073,POC+PEC_area,PM2_5,area,PM2_5,0.000993162
06111,POC+PEC_area,PM2_5,area,PM2_5,7.39E-05
17119,POC+PEC_area,PM2_5,area,PM2_5,0.000183903
17163,POC+PEC_area,PM2_5,area,PM2_5,0.000146899
18019,POC+PEC_area,PM2_5,area,PM2_5,0.000276312
18037,POC+PEC_area,PM2_5,area,PM2_5,0.001551227
18097,POC+PEC_area,PM2_5,area,PM2_5,0.000140811
18163,POC+PEC_area,PM2_5,area,PM2_5,0.000293769
21111,POC+PEC_area,PM2_5,area,PM2_5,0.000298514
29510,POC+PEC_area,PM2_5,area,PM2_5,0.000109565
39017,POC+PEC_area,PM2_5,area,PM2_5,0.000242637
39035,POC+PEC_area,PM2_5,area,PM2_5,0.000379601
39049,POC+PEC_area,PM2_5,area,PM2_5,0.000351475
39061,POC+PEC_area,PM2_5,area,PM2_5,0.00037536
39081,POC+PEC_area,PM2_5,area,PM2_5,0.002289537
39145,POC+PEC_area,PM2_5,area,PM2_5,0.003189003
39151,POC+PEC_area,PM2_5,area,PM2_5,0.000892881
39153,POC+PEC_area,PM2_5,area,PM2_5,0.000350067
54011,POC+PEC_area,PM2_5,area,PM2_5,0.000594789
54029,POC+PEC_area,PM2_5,area,PM2_5,0.002122037
54039,POC+PEC_area,PM2_5,area,PM2_5,0.000826061
10003,POC+PEC_area,PM2_5,area,PM2_5,2.76E-05
24510,POC+PEC_area,PM2_5,area,PM2_5,0.000229661
26163,POC+PEC_area,PM2_5,area,PM2_5,0.000383747
42003,POC+PEC_area,PM2_5,area,PM2_5,0.00029684
01073,POC+PEC_area,PM2_5,area,PM2_5,0.000549627
01113,POC+PEC_area,PM2_5,area,PM2_5,0.001882276
13021,POC+PEC_area,PM2_5,area,PM2_5,0.001565049
13115,POC+PEC_area,PM2_5,area,PM2_5,0.003018633
13215,POC+PEC_area,PM2_5,area,PM2_5,0.001659492
13245,POC+PEC_area,PM2_5,area,PM2_5,0.000742185
13319,POC+PEC_area,PM2_5,area,PM2_5,0.015977992
28067,POC+PEC_area,PM2_5,area,PM2_5,0.00142905
47065,POC+PEC_area,PM2_5,area,PM2_5,0.00147095
47093,POC+PEC_area,PM2_5,area,PM2_5,0.001630642
47157,POC+PEC_area,PM2_5,area,PM2_5,0.000769092
06019,POC+PEC_area,PM2_5,area,PM2_5,0.000588962
06029,POC+PEC_area,PM2_5,area,PM2_5,0.000733446
06031,POC+PEC_area,PM2_5,area,PM2_5,0.000211666
06047,POC+PEC_area,PM2_5,area,PM2_5,0.000210444
06077,POC+PEC_area,PM2_5,area,PM2_5,0.000101821
06099,POC+PEC_area,PM2_5,area,PM2_5,0.000191399
06107,POC+PEC_area,PM2_5,area,PM2_5,0.000722294
13063,POC+PEC_area,PM2_5,area,PM2_5,0.000140596
13067,POC+PEC_area,PM2_5,area,PM2_5,0.000248933
13089,POC+PEC_area,PM2_5,area,PM2_5,0.000151018
13121,POC+PEC_area,PM2_5,area,PM2_5,0.000495456
17031,POC+PEC_area,PM2_5,area,PM2_5,6.60E-05
17197,POC+PEC_area,PM2_5,area,PM2_5,3.72E-05
18089,POC+PEC_area,PM2_5,area,PM2_5,7.96E-05
30053,POC+PEC_area,PM2_5,area,PM2_5,0.018040495
36061,POC+PEC_area,PM2_5,area,PM2_5,6.33E-05
42101,POC+PEC_area,PM2_5,area,PM2_5,3.50E-05
47037,POC+PEC_area,PM2_5,area,PM2_5,
